Name,CPUCount,MemoryGB,DiskCapacity (GB),IPs/MACs,IP Address,CenOS Release,Chef Run List,Owner,Priority (1-3),Kill?,Replace,Notes,,,,,
cam-mfsstore,2,5,1509.99999904633,"10.10.89.117, fe80::250:56ff:feaa:1bf5",10.10.89.117,centos 6.4,[tpn-recipe][tpn-omd],,,,,,,,,,
cam-db-master1,2,6,40,"10.10.80.125, fe80::250:56ff:feaa:f2f",10.10.80.125,centos 6.4,[tpn-mysql::_monitoring] [tlc-db-master::opensips] [tlc-db-master::opensips_1_10] [tlc-db-master::cf] [tlc-db-master::os_dispatcher],,,,,,,,,,
cam-db-portal1,2,33.125,230,"10.10.80.123, fe80::250:56ff:feaa:4996",10.10.80.123,centos 6.4,[tpn-mysql::_monitoring] [tlc-db-master::j2] [tlc-db-master::agile] [tlc-db-master::ocp][tlc-db-master::ocp_data],,,,,,,,,,
cam-db-prov1,2,8,80,"10.10.80.124, fe80::250:56ff:feaa:62f3",10.10.80.124,centos 6.4,[tpn-mysql::_monitoring] [tlc-db-master::isym_prov][tlc-db-master::comm_prov] [tlc-db-master::tpn_custom] [tlc-db-master::openfire_repl] [tlc-db-master::device_config] [tlc-db-master::mobile],,,,,,,,,,
cam-db-dwh1,2,8,90,"10.10.80.122, fe80::250:56ff:feaa:4569",10.10.80.122,centos 6.4,[tpn-mysql::_monitoring],,,,,,,,,,
cam-vm-c6,4,3,30,"10.15.89.34, fe80::250:56ff:feaa:32aa, 10.10.89.180, fe80::250:56ff:feaa:32ac, 66.151.176.180, fe80::250:56ff:feaa:32ab",66.151.176.180,centos 5.8,[tpn-dns::caching_named],,,,,,,,,,
cam-vm-vtm1,2,5,20,"10.10.89.29, fe80::250:56ff:feaa:4796",10.10.89.29,centos 6.3,[tpn-base]recipe[tpn-vertica::console],,,,,,,,,,
cdn-dev-mfsstore1,2,2,60,"10.10.222.93, fe80::250:56ff:feaa:1793",10.10.222.93,centos 6.4,[tpn-base]recipe[tpn-mfs::server],,,,,,,,,,
cam-vm-os4,2,3,15,"10.10.89.168, 66.151.176.168",10.10.89.168,centos 5.8,[tpn-base]recipe[tpn-dns::caching_named],,,,,,,,,,
cam-vm-os3,2,2,44,"10.10.89.167, fe80::20c:29ff:fee0:e455, 66.151.176.167, fe80::20c:29ff:fee0:e45f",66.151.176.167,centos 5.8,[tpn-base]recipe[tpn-dns::caching_named],,,,,,,,,,
cam-vm-os2,2,3,20,"10.10.89.165, 66.151.176.165",66.151.176.165,centos 5.8,[tpn-base]recipe[tpn-dns::caching_named],,,,,,,,,,
cam-vm-os1,2,1,28,"10.10.89.164, fe80::20c:29ff:fe95:ef8e, 66.151.176.164, fe80::20c:29ff:fe95:ef98",66.151.176.164,centos 5.8,[tpn-base]recipe[tpn-dns::caching_named],,,,,,,,,,
cam-vm-g5,2,2,30,"10.10.89.14, fe80::20c:29ff:febb:36db, 66.151.176.14, fe80::20c:29ff:febb:36e5",66.151.176.14,centos 5.8,[tpn-base]recipe[tpn-dns::caching_named],,,,,,,,,,
cam-vm-g4,2,2,30,"10.10.89.23, fe80::20c:29ff:fe54:68d6, 66.151.176.23, fe80::20c:29ff:fe54:68e0",66.151.176.23,centos 5.8,[tpn-base]recipe[tpn-dns::caching_named],,,,,,,,,,
cam-vm-pg1a,3,48,250,"10.10.89.203, fe80::250:56ff:feaa:534b",10.10.89.203,centos 6.3,[tpn-base][tpn-mfsclient::mfsstore],,,,,,,,,,
cam-vm-u2,1,0.5,200,10.10.89.225,10.10.89.225,centos 5.8,[tpn-base][tpn-dns::caching_named][tpn-mfsclient::store3],,,,,,,,,,
cam-vm-u3,1,2,306,"10.10.89.236, 10.10.90.236",10.10.89.236,centos 5.8,[tpn-base][indexer-role-legacy],,,,,,,,,,
cam-db3,2,8,97.65625,"10.10.89.32, fe80::250:56ff:feaa:29be",10.10.89.32,centos 6.4,[tpn-base] recipe[tpn-mfsclient::mfsstore],,,,,,,,,,
cam-cass2,2,8,80,"10.10.80.2, fe80::250:56ff:feaa:7b63",10.10.80.2,centos 6.4,[tpn-base] recipe[tpn-cassandra] [tpn-cassandra::opscenter_server],,,,,,,,,,
cam-db-slave1,2,2,30,"10.10.80.58, fe80::250:56ff:feaa:30fb",10.10.80.58,centos 6.4,[tpn-base] recipe[tlc-db-slave::cf],,,,,,,,,,
cam-mon7,2,2,30,"10.10.80.196, fe80::250:56ff:feaa:6a4",10.10.80.196,centos 6.4,[tpn-base] [tpn-omd],,,,,,,,,,
cam-vm-ws2,4,2,30,"10.10.89.183, fe80::250:56ff:feaa:328c, 66.151.176.132, 66.151.176.76, 66.151.176.111, 66.151.176.109, 66.151.176.247, 66.151.176.77, 66.151.176.121, 66.151.176.236, 66.151.176.21, fe80::250:56ff:feaa:328d, 10.3.89.13, fe80::250:56ff:feaa:4091",66.151.176.132,centos 6.3,[tpn-base] [tpn-mfsclient::store3] [tpn-mfsclient::store7] [tpn-mfsclient::store7],,,,,,,,,,
cam-vm-ws1,4,3,30,"10.10.89.182, fe80::250:56ff:feaa:3289, 66.151.176.3, 66.151.176.110, 66.151.176.112, 66.151.176.235, 66.151.176.113, 66.151.176.246, 66.151.176.79, 66.151.176.90, 66.151.176.118, 66.151.176.163, 66.151.176.26, fe80::250:56ff:feaa:328a, 10.3.89.12, fe80::250:56ff:feaa:4090",66.151.176.3,centos 6.2,[tpn-base] [tpn-mfsclient::store3] [tpn-mfsclient::store7],,,,,,,,,,
cam-vm-doc1,4,4,210,"10.10.89.141, fe80::20c:29ff:fe01:f1af",10.10.89.141,centos 6.2,[tpn-base] [tpn-mfsclient::mfsstore],,,,,,,,,,
cam-vm-back1,2,4,1054,"10.10.80.111, fe80::250:56ff:feaa:3ed8, 10.17.89.99, fe80::250:56ff:feaa:970",10.10.80.111,centos 6.4,[tpn-base] [tpn-mfsclient::mfsstore],,,,,,,,,,
cdn-z,2,8,1083.99999904633,"10.10.222.90, fe80::250:56ff:feaa:1bf2",10.10.222.90,centos 6.4,[tpn-base] [tpn-kickstart::tftpd],,,,,,,,,,
cam-vm-js1,4,8,60,"10.10.80.11, fe80::250:56ff:feaa:1bea",10.10.80.11,centos 6.4,[tpn-base] [tpn-java]recipe[tpn-java::jce_policy] [tpn-maven],,,,,,,,,,
cam-vm-p1,4,16,202,"10.10.89.22, fe80::250:56ff:feaa:1887, 66.151.176.27, fe80::250:56ff:feaa:be6",10.10.89.22,centos 6.4,[tpn-base] [tpn-java] [tpn-mfsclient::mfsstore] [tpn-mfsclient::store2] [tpn-mfsclient::store3] [tpn-mfsclient::store5],,,,,,,,,,
cam-vm-doc2,2,4,30,"10.10.80.103, fe80::250:56ff:feaa:39f8",10.10.80.103,centos 6.4,[tpn-base] [tpn-java] [tpn-certs::wildcard] [tpn-httpd] [tpn-mfsclient::mfsstore],,,,,,,,,,
cam-vm-d6,4,12,172,"10.10.89.92, 10.10.89.231, 10.10.89.250, 10.10.89.251, 10.10.89.59, fe80::20c:29ff:fe1b:5f7a, 192.168.89.4, fe80::20c:29ff:fe1b:5f84, 10.22.89.92, fe80::20c:29ff:fe1b:5f8e",10.10.89.92,centos 5.8,[tpn-base] [tpn-java],,,,,,,,,,
cam-vm-d5,4,10,252,"10.10.89.82, 10.10.89.248, 10.10.89.249, 10.10.89.244, 10.10.89.243, 10.10.89.83, 10.10.89.65, fe80::20c:29ff:fe58:f4c8, 192.168.89.3, fe80::20c:29ff:fe58:f4d2",10.10.89.82,centos 5.8,[tpn-base] [tpn-java],,,,,,,,,,
cam-prov-ws2,2,2,30,"10.10.80.68, fe80::250:56ff:feaa:6527, 66.151.176.88, 66.151.176.95, 66.151.176.96, fe80::250:56ff:feaa:60d4",66.151.176.88,centos 6.4,[tpn-base] [tpn-httpd] [tpn-mfsclient::store3] [tpn-mfsclient::store6],,,,,,,,,,
cam-prov-ws1,2,2,30,"10.10.80.127, fe80::250:56ff:feaa:3128, 66.151.176.84, 66.151.176.93, 66.151.176.120, fe80::250:56ff:feaa:5a68",66.151.176.84,centos 6.4,[tpn-base] [tpn-httpd] [tpn-mfsclient::store3] [tpn-mfsclient::store6],,,,,,,,,,
cam-ps1,2,2,30,"10.10.89.108, fe80::250:56ff:feaa:5fb3",10.10.89.108,centos 6.4,[tpn-base] [tpn-httpd],,,,,,,,,,
cam-prov-log1,2,2,30,"10.10.80.71, fe80::250:56ff:feaa:25d5",10.10.80.71,centos 6.4,[tpn-base] [tpn-elasticsearch],,,,,,,,,,
cam-vm-g8,2,2,30,"10.10.89.16, fe80::20c:29ff:feab:e09b, 66.151.176.22, fe80::20c:29ff:feab:e0a5",66.151.176.22,centos 5.6,[tpn-base] [tpn-dns::caching_named],,,,,,,,,,
cam-vm-m1,4,2,30,"10.10.89.139, 66.151.176.139",66.151.176.139,centos 5.7,[tpn-base] [tpn-dns::caching_named],,,,,,,,,,
cam-vm-mon1,2,3,30,"10.10.89.241, fe80::20c:29ff:fef1:f6d1, 66.151.176.241, fe80::20c:29ff:fef1:f6db",66.151.176.241,centos 5.8,[tpn-base] [tpn-dns::caching_named],,,,,,,,,,
cam-vm-g9,2,2,30,"10.10.89.17, fe80::20c:29ff:fe00:aa4e, 66.151.176.17, fe80::20c:29ff:fe00:aa58",66.151.176.17,centos 5.8,[tpn-base] [tpn-dns::caching_named],,,,,,,,,,
cam-vm-g7,2,2,30,"10.10.89.15, fe80::20c:29ff:fe90:54ea, 66.151.176.12, fe80::20c:29ff:fe90:54f4",66.151.176.12,centos 5.8,[tpn-base] [tpn-dns::caching_named],,,,,,,,,,
cam-vm-g3,2,2,30,"10.10.89.13, fe80::20c:29ff:fe15:ed02, 66.151.176.13, fe80::20c:29ff:fe15:ed0c",66.151.176.13,centos 5.8,[tpn-base] [tpn-dns::caching_named],,,,,,,,,,
cam-vm-g2,4,2,30,"10.10.89.20, fe80::20c:29ff:fe3d:479d, 66.151.176.20, fe80::20c:29ff:fe3d:47a7",66.151.176.20,centos 5.8,[tpn-base] [tpn-dns::caching_named],,,,,,,,,,
cam-vm-f5,2,1,30,"10.10.89.78, fe80::20c:29ff:fea2:40c2, 66.151.176.78, fe80::20c:29ff:fea2:40cc",66.151.176.78,centos 5.8,[tpn-base] [tpn-dns::caching_named],,,,,,,,,,
cam-vm-f3,2,2,30,"10.10.89.26, fe80::250:56ff:feaa:3b72, 66.151.176.240, fe80::250:56ff:feaa:3b73",66.151.176.240,centos 5.8,[tpn-base] [tpn-dns::caching_named],,,,,,,,,,
cam-vm-f2,2,1,70,"10.10.89.86, 66.151.176.86",66.151.176.86,centos 5.8,[tpn-base] [tpn-dns::caching_named],,,,,,,,,,
cam-vm-f1,2,1,30,"10.10.89.80, fe80::250:56ff:feaa:3b70, 66.151.176.80, fe80::250:56ff:feaa:3b71",66.151.176.80,centos 5.8,[tpn-base] [tpn-dns::caching_named],,,,,,,,,,
cam-vm-c7,4,2,30,"10.15.89.36, fe80::250:56ff:feaa:32ad, 10.10.89.190, fe80::250:56ff:feaa:32af, 66.151.176.190, fe80::250:56ff:feaa:32ae",66.151.176.190,centos 5.8,[tpn-base] [tpn-dns::caching_named],,,,,,,,,,
cam-vm-c5,2,2,30,"10.15.89.33, fe80::250:56ff:feaa:32a7, 10.10.89.170, fe80::250:56ff:feaa:32a9, 66.151.176.170, fe80::250:56ff:feaa:32a8",66.151.176.170,centos 5.8,[tpn-base] [tpn-dns::caching_named],,,,,,,,,,
cam-vm-c4,4,2,60,"10.15.89.32, fe80::250:56ff:feaa:32a4, 10.10.89.150, fe80::250:56ff:feaa:32a6, 66.151.176.150, fe80::250:56ff:feaa:32a5",66.151.176.150,centos 5.8,[tpn-base] [tpn-dns::caching_named],,,,,,,,,,
cam-vm-c1,2,2,30,"10.15.89.30, fe80::250:56ff:feaa:329d, 10.10.89.30, fe80::250:56ff:feaa:329b, 66.151.176.30, fe80::250:56ff:feaa:329c",66.151.176.30,centos 5.8,[tpn-base] [tpn-dns::caching_named],,,,,,,,,,
cam-vm-g13,2,2,29.296875,"10.10.89.178, fe80::250:56ff:feaa:361, 66.151.176.178, 66.151.176.47, fe80::250:56ff:feaa:362",66.151.176.178,centos 5.9,[tpn-base] [tpn-dns::caching_named],,,,,,,,,,
cam-vm-svn1,2,3,250,"10.10.89.8, fe80::250:56ff:feaa:32ba",10.10.89.8,centos 6.2,[tpn-base] [tpn-dns::caching_named],,,,,,,,,,
cam-vm-ws4,2,1,30,"10.10.89.45, 10.10.89.19, 10.10.89.49, fe80::250:56ff:feaa:3238",10.10.89.45,centos 6.4,[tpn-base] [tpn-dns::caching_named],,,,,,,,,,
cam-cass4,2,8,80,"10.10.80.4, fe80::250:56ff:feaa:4806",10.10.80.4,centos 6.4,[tpn-base] [tpn-cassandra],,,,,,,,,,
cam-cass3,2,8,80,"10.10.80.3, fe80::250:56ff:feaa:6dde",10.10.80.3,centos 6.4,[tpn-base] [tpn-cassandra],,,,,,,,,,
cam-vm-z2,2,1,30.0087890625,"10.10.80.84, fe80::250:56ff:feaa:96a",10.10.80.84,centos 6.3,[tpn-base] [tpn-base]tpn-vertica::console],,,,,,,,,,
cam-hap2,2,2,30,"10.10.80.77, fe80::250:56ff:feaa:40b, 66.151.176.174, fe80::250:56ff:feaa:1177",66.151.176.174,centos 6.4,[tpn-base] [tlc-ucapi::haproxy],Jeff,,N,N,HA Proxy,,,,,
cam-hap1,2,2,30,"10.10.80.76, fe80::250:56ff:feaa:2d27, 66.151.176.173, fe80::250:56ff:feaa:798f",66.151.176.173,centos 6.4,[tpn-base] [tlc-ucapi::haproxy],Jeff,,N,N,HA Proxy,,,,,
cam-z1-i1,2,7,30,"10.10.89.219, fe80::250:56ff:feaa:27a5, 66.151.176.226, fe80::250:56ff:feaa:27b1",66.151.176.226,centos 6.3,[tpn-base] [tlc-tcc],,,,,,,,,,
cam-z2-i1,2,18,30,"66.151.176.228, fe80::250:56ff:feaa:37c1, 10.10.89.233, fe80::250:56ff:feaa:2b1c",66.151.176.228,centos 6.4,[tpn-base] [tlc-tcc],,,,,,,,,,
cam-z6-j2,2,4,30,"10.10.80.208, fe80::250:56ff:feaa:6edf, 66.151.176.148, fe80::250:56ff:feaa:7cfc",66.151.176.148,centos 6.4,[tpn-base] [tlc-openfire],,,,,,,,,,
cam-vm-cns2,1,2,10,"10.10.89.38, fe80::20c:29ff:fee0:578c, 66.151.176.38, fe80::20c:29ff:fee0:5796",66.151.176.38,centos 5.8,[tpn-base] [tlc-ntp-master],,,,,,,,,,
cam-store7,2,2,130,"10.10.80.102, fe80::250:56ff:feaa:2ae7",10.10.80.102,centos 6.4,[tpn-base] [tlc-moosefs::sms],,,,,,,,,,
cdn-util2,2,2,30,"10.10.222.97, fe80::250:56ff:feaa:50ed",10.10.222.97,centos 6.4,[tpn-base] [tlc-hastebin] [tpn-mysql::server],,,,,,,,,,
cam-go-dir2,2,3,30,"10.10.80.210, fe80::250:56ff:feaa:154e",10.10.80.210,centos 6.4,[tpn-base] [tlc-go-directory],Jeff,,N,N,Large Directory,,,,,
cam-go-dir1,2,3,30,"10.10.80.209, fe80::250:56ff:feaa:600a",10.10.80.209,centos 6.4,[tpn-base] [tlc-go-directory],Jeff,,N,N,Large Directory,,,,,
cam-vm-v3,2,1,25,10.10.89.63,10.10.89.63,centos 5.8,[tpn-base],,,,,,,,,,
cam-vm-u4,2,4,830,10.10.89.70,10.10.89.70,centos 5.8,[tpn-base],,,,,,,,,,
cam-vm-ob1,2,2,30,"10.10.89.25, fe80::250:56ff:feaa:406e, 66.151.176.25, fe80::250:56ff:feaa:406f",66.151.176.25,centos 5.8,[tpn-base],,,,,,,,,,
cam-vm-mon4,2,1,15,"10.10.89.237, fe80::20c:29ff:fe17:697e, 66.151.176.237, fe80::20c:29ff:fe17:6988",66.151.176.237,centos 5.8,[tpn-base],Andrew E,2,,Y,,,,,,
cam-vm-mon3,2,3,30,"10.10.89.239, fe80::20c:29ff:fe81:b013, 10.10.90.250, fe80::20c:29ff:fe81:b01d",10.10.89.239,centos 5.8,[tpn-base],Andrew E,2,,Y,,,,,,
cam-vm-h2s,2,1,20,"10.89.101.7, 10.11.89.7, 10.10.89.36, 66.151.176.36",66.151.176.36,centos 5.8,[tpn-base],,,,,,,,,,
cam-vm-g6,2,2,30,"10.10.89.24, fe80::20c:29ff:fe91:1293, 66.151.176.24, fe80::20c:29ff:fe91:129d",66.151.176.24,centos 5.8,[tpn-base],,,,Y,Gateway,,,,,
cam-vm-g12,2,2,30,"10.10.89.12, fe80::250:56ff:feaa:332, 66.151.176.215, fe80::250:56ff:feaa:333",66.151.176.215,centos 5.8,[tpn-base],,,,Y,Gateway,,,,,
cam-vm-g11,2,2,30,"10.10.89.11, fe80::250:56ff:feaa:330, 66.151.176.214, fe80::250:56ff:feaa:331",66.151.176.214,centos 5.8,[tpn-base],,,,Y,Gateway,,,,,
cam-vm-g10,2,2,30,"10.10.89.18, fe80::20c:29ff:febd:bfd3, 66.151.176.18, fe80::20c:29ff:febd:bfdd",66.151.176.18,centos 5.8,[tpn-base],,,,Y,Gateway,,,,,
cam-vm-g1,4,2,30,"10.10.89.10, fe80::20c:29ff:feae:7291, 66.151.176.10, fe80::20c:29ff:feae:729b",66.151.176.10,centos 5.8,[tpn-base],,,,Y,Gateway,,,,,
cam-vm-f4,2,2,30,"10.10.89.27, fe80::250:56ff:feaa:3b74, 66.151.176.145, fe80::250:56ff:feaa:3b75",66.151.176.145,centos 5.8,[tpn-base],,,,Y,Fax,,,,,
cam-vm-db2b,4,4,169,"10.10.89.44, 10.10.89.39",10.10.89.44,centos 5.8,[tpn-base],Irek,1,,Y,,,,,,
cam-vm-db2a,4,3,190,10.10.89.43,10.10.89.43,centos 5.8,[tpn-base],Irek,1,,Y,,,,,,
cam-vm-db1b,4,6,169,"10.10.89.42, 10.10.89.37",10.10.89.42,centos 5.8,[tpn-base],Irek,1,,Y,,,,,,
cam-vm-db1a,4,36,290,10.10.89.41,10.10.89.41,centos 5.8,[tpn-base],Irek,1,,Y,,,,,,
cam-vm-c2,4,2,30,"10.15.89.40, fe80::250:56ff:feaa:3298, 10.10.89.40, fe80::250:56ff:feaa:329a, 66.151.176.40, fe80::250:56ff:feaa:3299",66.151.176.40,centos 5.8,[tpn-base],,,,Y,callserver,,,,,
cam-vm-p4,2,8,50,"10.10.89.134, fe80::20c:29ff:fe61:9ddd, 192.168.89.2, fe80::20c:29ff:fe61:9de7",10.10.89.134,centos 5.9,[tpn-base],Travis,1,,Y,,,,,,
cam-vm-p3,2,6,60,"10.10.89.133, fe80::20c:29ff:fe1c:eab2, 192.168.89.1, fe80::20c:29ff:fe1c:eabc",10.10.89.133,centos 5.9,[tpn-base],Travis,1,,Y,,,,,,
cam-vm-tpx1,2,1,30,"10.2.1.7, fe80::250:56ff:feaa:2a2c, 10.10.89.101, fe80::250:56ff:feaa:3b64, 66.151.176.101, fe80::250:56ff:feaa:3b65",66.151.176.101,centos 6.2,[tpn-base],,,,,,,,,,
cam-vm-q1,2,14,32,"10.10.89.114, fe80::250:56ff:fe3f:154c",10.10.89.114,centos 6.2,[tpn-base],Sibbitt,1,,Y,Analytics,,,,,
cam-vm-int-lb1,2,0.5,16,"10.10.89.97, fe80::250:56ff:feaa:408e, 10.3.89.97, fe80::250:56ff:feaa:408f",10.10.89.97,centos 6.2,[tpn-base],,,,,,,,,,
cam-vm-ext-esb2,4,2,30,"10.10.89.106, fe80::250:56ff:feaa:4086, 10.3.89.106, fe80::250:56ff:feaa:4094, 66.151.176.106, fe80::250:56ff:feaa:4095",66.151.176.106,centos 6.2,[tpn-base],,,,,,,,,,
cam-vm-ext-esb1,4,2,30,"10.10.89.105, fe80::250:56ff:feaa:4084, 10.3.89.105, fe80::250:56ff:feaa:4092, 66.151.176.105, fe80::250:56ff:feaa:4093",66.151.176.105,centos 6.2,[tpn-base],,,,,,,,,,
cam-vm-eng1,2,4,150,"10.10.89.238, fe80::250:56ff:fe26:3ac4, 66.151.176.130, fe80::250:56ff:fe26:3ac6, 10.3.89.7, fe80::20c:29ff:fe26:3ad9",66.151.176.130,centos 6.2,[tpn-base],,,,Y,,,,,,
vm-dev-andy1,4,2,16,"10.10.80.148, 10.10.90.148, fe80::250:56ff:feaa:5368, fe80::250:56ff:feaa:5367",10.10.80.148,centos 6.3,[tpn-base],Andy,,Y,,,,,,,
cam-vm-store2,2,6,10255.9999952316,"10.10.89.197, fe80::250:56ff:feaa:950",10.10.89.197,centos 6.3,[tpn-base],Travis,,,Y,moosefs,,,,,
cam-vm-store1,2,2,432,"10.10.90.60, fe80::250:56ff:feaa:4079, 10.10.89.50, fe80::250:56ff:feaa:407c",10.10.89.50,centos 6.3,[tpn-base],Travis,,,Y,moosefs,,,,,
cam-vm-mon6,4,10,80,"10.10.89.56, fe80::250:56ff:feaa:532d, 10.10.90.43, fe80::250:56ff:feaa:532e, 66.151.176.56, fe80::250:56ff:feaa:360",10.10.89.56,centos 6.3,[tpn-base],Andrew E.,2,no,Y,Rebuild.,,,,,
cam-vm-life1,1,0.5,10,"10.10.80.67, 10.89.225.5, fe80::250:56ff:feaa:2a29, fe80::250:56ff:feaa:58d",10.10.80.67,centos 6.3,[tpn-base],,,,,,,,,,
cam-vm-i4,2,5,30,"10.10.89.90, fe80::250:56ff:feaa:5328, 66.151.176.41, fe80::250:56ff:feaa:5329",66.151.176.41,centos 6.3,[tpn-base],Christian,1,,Y,,,,,,
cam-vm-i2,2,5,30,"10.10.89.135, fe80::250:56ff:feaa:40ae, 66.151.176.134, 66.151.176.58, fe80::250:56ff:feaa:40ad",66.151.176.134,centos 6.3,[tpn-base],Christian,1,,Y,,,,,,
cam-vm-i1,2,4,30,"10.10.89.136, fe80::250:56ff:feaa:40a8, 66.151.176.136, fe80::250:56ff:feaa:40a7",66.151.176.136,centos 6.3,[tpn-base],Christian,1,,Y,,,,,,
cam-vm-build1,4,6,200,"10.10.89.147, fe80::250:56ff:feaa:5364",10.10.89.147,centos 6.3,[tpn-base],Sibbitt,,,Y,Jenkins master,,,,,
vm-dev-tlake1,1,1,30,"10.131.54.51, fe80::250:56ff:feaa:210b, 10.131.52.51, fe80::250:56ff:feaa:2e49",10.131.54.51,centos 6.4,[tpn-base],,,Y,,,,,,,
cdn-dev-u1,1,1,48.828125,"10.10.222.23, fe80::250:56ff:feaa:79aa",10.10.222.23,centos 6.4,[tpn-base],Joe/Roger,,,Y,Move to new cdn vmware cluster,,,,,
cam-vm-z1,1,8,60,,10.10.89.96,centos 6.4,[tpn-base],,,,,,,,,,
cam-vm-tstc1,2,0.5,10,,10.10.80.236,centos 6.4,[tpn-base],,,,,,,,,,
cam-vm-sqr1,2,4,16,,66.151.176.34,centos 6.4,[tpn-base],Andrew E.,,,,Telchemy??,,,,,
cam-vm-sqp1,2,2,15,,10.10.80.181,centos 6.4,[tpn-base],Andrew E.,,,,Telchemy??,,,,,
cam-vm-sqc1,2,4,20,,66.151.176.6,centos 6.4,[tpn-base],Andrew E.,,,,Telchemy??,,,,,
cam-vm-rt1,2,6,50,"66.151.176.220, 10.10.89.142, fe80::20c:29ff:fecd:3223, 10.3.89.142, fe80::20c:29ff:fecd:322d, fe80::250:56ff:feaa:1884",66.151.176.220,centos 6.4,[tpn-base],,,,,,,,,,
cam-vm-q3,4,8,40,"10.10.89.242, fe80::250:56ff:feaa:3bd2",10.10.89.242,centos 6.4,[tpn-base],Sibbitt,1,,Y,Analytics,,,,,
cam-vm-q2,4,8,40,"10.10.89.235, fe80::250:56ff:feaa:3657",10.10.89.235,centos 6.4,[tpn-base],Sibbitt,1,,,Analytics,,,,,
cam-vm-mon5,4,2,30,"10.10.89.58, fe80::250:56ff:feaa:1bee, 66.151.176.11, fe80::250:56ff:feaa:3040",66.151.176.11,centos 6.4,[tpn-base],Andrew E.,2,,,,,,,,
cam-sqp2,2,2,30,"10.10.80.182, fe80::250:56ff:feaa:a85, fe80::250:56ff:feaa:6a8f",10.10.80.182,centos 6.4,[tpn-base],Andrew E.,,,,Telchemy??,,,,,
cam-solr2,2,1,30,"10.10.80.110, fe80::250:56ff:feaa:4ff",10.10.80.110,centos 6.4,[tpn-base],Christian,2,,Probably,,,,,,
cam-snmp1,1,2,30,"10.10.80.80, fe80::250:56ff:feaa:5a13, 10.10.90.14, fe80::250:56ff:feaa:3680, 66.151.176.250, fe80::250:56ff:feaa:7095",10.10.80.80,centos 6.4,[tpn-base],Andrew E.,2,,Probably,,,,,,
cam-scan1,4,4,30,"10.10.89.68, fe80::250:56ff:feaa:6ce2",10.10.89.68,centos 6.4,[tpn-base],Oskar,,,,openvas scanner for Margaret,,,,,
cam-rancid1,2,2,30,"10.10.80.105, 66.151.176.68, fe80::250:56ff:feaa:5dca, fe80::250:56ff:feaa:ae2",66.151.176.68,centos 6.4,[tpn-base],,,,,,,,,,
cam-prov4,2,4.0546875,30,"10.10.80.166, fe80::250:56ff:feaa:7521",10.10.80.166,centos 6.4,[tpn-base],Travis,1,,Y,,,,,,
cam-prov3,2,4.0546875,30,"10.10.80.165, fe80::250:56ff:feaa:6fda",10.10.80.165,centos 6.4,[tpn-base],Travis,1,,Y,,,,,,
cam-prov2,2,4.0546875,30,"10.10.80.164, fe80::250:56ff:feaa:1276",10.10.80.164,centos 6.4,[tpn-base],Travis,1,,Y,,,,,,
cam-prov1,2,4.0546875,30,"10.10.80.163, fe80::250:56ff:feaa:7754",10.10.80.163,centos 6.4,[tpn-base],Travis,1,,Y,,,,,,
cam-proj1,2,2,30,"10.10.80.94, fe80::250:56ff:feaa:1890",10.10.80.94,centos 6.4,[tpn-base],,,,,,,,,,
cam-omd-mpls,2,2,10,"10.10.80.100, fe80::250:56ff:feaa:7e",10.10.80.100,centos 6.4,[tpn-base],Andrew E,2,,,,,,,,
cam-int-ws2,1,2,30,"10.10.80.78, fe80::250:56ff:feaa:764f",10.10.80.78,centos 6.4,[tpn-base],,,,,,,,,,
cam-int-ws1,2,2,30,"10.10.80.21, fe80::250:56ff:feaa:6a83",10.10.80.21,centos 6.4,[tpn-base],,,,,,,,,,
cam-hrm1,2,2,49.53125,"10.10.80.85, fe80::250:56ff:feaa:18ef",10.10.80.85,centos 6.4,[tpn-base],,,,,,,,,,
cam-fastagi1,2,2,30,"10.10.80.45, fe80::250:56ff:feaa:4546",10.10.80.45,centos 6.4,[tpn-base],,,,,,,,,,
cam-eng2,1,1,170,"10.10.80.97, fe80::250:56ff:feaa:4b1c",10.10.80.97,centos 6.4,[tpn-base],,,,,,,,,,
cam-demo,2,2,30,"10.10.80.226, fe80::250:56ff:feaa:2d92",10.10.80.226,centos 6.4,[tpn-base],,,,,,,,,,
cam-cjp1,2,2,30,"10.10.80.194, fe80::250:56ff:feaa:38e, 66.151.176.172, fe80::250:56ff:feaa:202",66.151.176.172,centos 6.4,[tpn-base],,,,,,,,,,
cam-cass1,2,4,110,"10.10.80.9, fe80::250:56ff:feaa:65f3",10.10.80.9,centos 6.4,[tpn-base],Irek,,Probably,,,,,,,
cam-billing,2,3,30,"10.10.80.47, fe80::250:56ff:feaa:3e62",10.10.80.47,centos 6.4,[tpn-base],,,,,,,,,,
cam-tpnprovlab2,2,2,30,,10.10.80.81,centos 6.6,[tpn-base],,,,,,,,,,
cam-zk3,2,2,30,"10.10.80.19, fe80::250:56ff:feaa:1a66",10.10.80.19,centos 6.4,[tlc-zookeeper],,,,,,,,,,
cam-zk2,2,2,30,"10.10.80.16, fe80::250:56ff:feaa:6ea7",10.10.80.16,centos 6.4,[tlc-zookeeper],,,,,,,,,,
cam-zk1,2,2,30,"10.10.80.7, fe80::250:56ff:feaa:1f8",10.10.80.7,centos 6.4,[tlc-zookeeper],,,,,,,,,,
cam-z9-svc1,2,3,30,"10.10.80.56, fe80::250:56ff:feaa:151f",10.10.80.56,centos 6.4,[tlc-zone-services],,,,,,,,,,
cam-z8-svc1,2,3,30,"10.10.80.157, fe80::250:56ff:feaa:36da",10.10.80.157,centos 6.4,[tlc-zone-services],,,,,,,,,,
cam-z7-svc1,2,3,30,"10.10.80.147, fe80::250:56ff:feaa:76fd",10.10.80.147,centos 6.4,[tlc-zone-services],,,,,,,,,,
cam-z6-svc1,2,3,30,"10.10.80.207, fe80::250:56ff:feaa:7c1d",10.10.80.207,centos 6.4,[tlc-zone-services],,,,,,,,,,
cam-z4-svc1,2,3,30,"10.10.80.41, fe80::250:56ff:feaa:3852",10.10.80.41,centos 6.4,[tlc-zone-services],,,,,,,,,,
cam-z3-svc1,2,3,30,"10.10.80.33, fe80::250:56ff:feaa:7f3d",10.10.80.33,centos 6.4,[tlc-zone-services],,,,,,,,,,
cam-z2-svc1,2,3,30,"10.10.80.28, fe80::250:56ff:feaa:90",10.10.80.28,centos 6.4,[tlc-zone-services],,,,,,,,,,
cam-z1-svc1,2,3,30,"10.10.80.32, fe80::250:56ff:feaa:1d",10.10.80.32,centos 6.4,[tlc-zone-services],,,,,,,,,,
cam-svc1,2,3,30,"10.10.80.31, fe80::250:56ff:feaa:7a9c",10.10.80.31,centos 6.4,[tlc-zone-services],,,,,,,,,,
cam-gsvc1,2,3,30,"10.10.80.46, fe80::250:56ff:feaa:426f",10.10.80.46,centos 6.4,[tlc-zone-services::gateway],,,,,,,,,,
cam-vm-v2,2,3,50.0223398208618,"10.10.89.62, fe80::20c:29ff:fefe:5961",10.10.89.62,centos 5.8,[tlc-voicemail-api],,,,,,,,,,
ams-v1,2,2.5,30,"10.131.10.30, fe80::250:56ff:feaa:63ba",10.131.10.30,centos 6.4,[tlc-voicemail-api],,,,,,,,,,
cam-vm-vt3,8,64,1124,"10.17.89.12, fe80::250:56ff:feaa:953, 10.10.89.144, fe80::250:56ff:feaa:4797",10.10.89.144,centos 6.3,[tlc-vertica-node],,,,,,,,,,
cam-vm-vt2,8,64,1124,"10.17.89.11, fe80::250:56ff:feaa:952, 10.10.89.4, fe80::250:56ff:feaa:477b",10.10.89.4,centos 6.3,[tlc-vertica-node],,,,,,,,,,
cam-vm-vt1,8,64,1124,"10.17.89.10, fe80::250:56ff:feaa:951, 10.10.89.209, fe80::250:56ff:feaa:4779",10.10.89.209,centos 6.3,[tlc-vertica-node],,,,,,,,,,
cam-ucapi2,2,5,60,"10.10.80.113, fe80::250:56ff:feaa:4547, 66.151.176.108, fe80::250:56ff:feaa:202d",66.151.176.108,centos 6.4,[tlc-ucapi::tpn-webapi-broker] [tlc-ucapi::httpd],,,,,,,,,,
cam-ucapi1,2,5,60,"10.10.80.112, fe80::250:56ff:feaa:79bd, 66.151.176.107, fe80::250:56ff:feaa:7764",66.151.176.107,centos 6.4,[tlc-ucapi::tpn-webapi-broker] [tlc-ucapi::httpd],,,,,,,,,,
cam-sms2,2,4.5,30,"10.10.89.181, fe80::250:56ff:feaa:c54, 66.151.176.5, fe80::250:56ff:feaa:20a0",66.151.176.5,centos 6.4,[tlc-ucapi::tpn-sms-server],,,,,,,,,,
cam-sms1,2,4.5,30,"10.10.89.184, fe80::250:56ff:feaa:47a7, 66.151.176.4, fe80::250:56ff:feaa:daa",66.151.176.4,centos 6.4,[tlc-ucapi::tpn-sms-server],,,,,,,,,,
cam-app5,2,4,30,"10.10.80.170, fe80::250:56ff:feaa:dff",10.10.80.170,centos 6.4,[tlc-ucapi::tpn-event-processor],,,,,,,,,,
cam-app4,2,4,30,"10.10.80.169, fe80::250:56ff:feaa:3d23",10.10.80.169,centos 6.4,[tlc-ucapi::tpn-event-processor],,,,,,,,,,
cam-app3,2,4,30,"10.10.80.136, fe80::250:56ff:feaa:192",10.10.80.136,centos 6.4,[tlc-ucapi::tpn-event-processor],,,,,,,,,,
cam-app1,2,6,30,"10.10.80.24, fe80::250:56ff:feaa:f4a",10.10.80.24,centos 6.4,[tlc-ucapi::host_lookup] [tlc-ucapi::tpn-polycom-event-listener] [tlc-ucapi::tpn-event-listener] [tlc-ucapi::tpn-event-processor] [tlc-ucapi::tpn-message-sync-service],,,,,,,,,,
cam-app2,2,6,30,"10.10.80.27, fe80::250:56ff:feaa:33a0",10.10.80.27,centos 6.4,[tlc-ucapi::host_lookup] [tlc-ucapi::tpn-polycom-event-listener] [tlc-ucapi::tpn-event-listener] [tlc-ucapi::tpn-event-processor],,,,,,,,,,
cam-vm-i3,2,5,30,"10.10.89.132, fe80::250:56ff:feaa:40b0, 66.151.176.133, fe80::250:56ff:feaa:40af",66.151.176.133,centos 6.3,[tpn-base][tlc-tcc],,,,,,,,,,
cam-vm-i5,2,6,30,"10.10.89.162, fe80::250:56ff:feaa:4ed2, 66.151.176.33, fe80::250:56ff:feaa:4ed3",66.151.176.33,centos 6.3,[tlc-tcc],,,,,,,,,,
cam-z9-i1,2,5,30,"10.10.89.89, fe80::250:56ff:feaa:5da9, 66.151.176.186, fe80::250:56ff:feaa:7ae",66.151.176.186,centos 6.4,[tlc-tcc],,,,,,,,,,
cam-z8-i1,2,7,30,"10.10.80.155, fe80::250:56ff:feaa:1f4f, 66.151.176.123, fe80::250:56ff:feaa:6b0",66.151.176.123,centos 6.4,[tlc-tcc],,,,,,,,,,
cam-z7-i1,2,7,30,"10.10.80.145, fe80::250:56ff:feaa:3cf9, 66.151.176.81, fe80::250:56ff:feaa:6ca0",66.151.176.81,centos 6.4,[tlc-tcc],,,,,,,,,,
cam-z6-i1,2,6,30,"10.10.80.205, fe80::250:56ff:feaa:3aec, 66.151.176.144, fe80::250:56ff:feaa:7e57",66.151.176.144,centos 6.4,[tlc-tcc],,,,,,,,,,
cam-z4-i1,2,7,30,"10.10.80.39, fe80::250:56ff:feaa:1435, 66.151.176.61, fe80::250:56ff:feaa:4ec9",66.151.176.61,centos 6.4,[tlc-tcc],,,,,,,,,,
cam-z3-i1,2,9,25,"10.10.89.129, fe80::250:56ff:feaa:789a, 66.151.176.115, fe80::250:56ff:feaa:4c8b",66.151.176.115,centos 6.4,[tlc-tcc],,,,,,,,,,
cam-z2-i2,2,12,30,"10.10.89.218, fe80::250:56ff:feaa:28bd, 66.151.176.230, fe80::250:56ff:feaa:1b2e",66.151.176.230,centos 6.4,[tlc-tcc],,,,,,,,,,
cam-storm3,2,5,16,"10.10.80.23, fe80::250:56ff:feaa:7c36",10.10.80.23,centos 6.4,[tlc-storm],,,,,,,,,,
cam-storm2,2,5,30,"10.10.80.18, fe80::250:56ff:feaa:2819",10.10.80.18,centos 6.4,[tlc-storm],,,,,,,,,,
cam-storm1,2,6,30,"10.10.80.15, fe80::250:56ff:feaa:1b86",10.10.80.15,centos 6.4,[tlc-storm::nimbus],,,,,,,,,,
cam-solr1,2,1,30,"10.10.80.109, fe80::250:56ff:feaa:5cc5",10.10.80.109,centos 6.4,[tlc-solr::portal],,,,,,,,,,
cam-redis3,1,2,30,"10.10.80.104, fe80::250:56ff:feaa:53",10.10.80.104,centos 6.4,[tlc-redis],,,,,,,,,,
cam-pentaho-di1,2,4,30,"10.10.80.57, fe80::250:56ff:feaa:2719",10.10.80.57,centos 6.4,[tlc-pentaho-di],,,,,,,,,,
cam-ldap-read1,1,3,30,"10.10.89.64, fe80::250:56ff:feaa:407e",10.10.89.64,centos 6.4,[tlc-openldap-slave],,,,,,,,,,
cdn-dev-ldap1,1,1,30,"10.10.222.8, fe80::250:56ff:feaa:7a7",10.10.222.8,centos 6.4,[tlc-openldap-master],,,,,,,,,,
cam-z1-j1,2,4,30,"10.10.89.221, fe80::250:56ff:feaa:27a6, 66.151.176.227, fe80::250:56ff:feaa:27b2",66.151.176.227,centos 6.3,[tlc-openfire],,,,,,,,,,
cam-vm-j4,2,4,20,"10.10.89.187, fe80::250:56ff:feaa:4ed6, 66.151.176.49, fe80::250:56ff:feaa:4ed7",66.151.176.49,centos 6.3,[tlc-openfire],,,,,,,,,,
cam-z9-j1,2,4,30,"10.10.89.102, fe80::250:56ff:feaa:42a0, 66.151.176.187, fe80::250:56ff:feaa:6b45",66.151.176.187,centos 6.4,[tlc-openfire],,,,,,,,,,
cam-z8-j1,2,4,30,"10.10.80.156, fe80::250:56ff:feaa:500c, 66.151.176.124, fe80::250:56ff:feaa:6387",66.151.176.124,centos 6.4,[tlc-openfire],,,,,,,,,,
cam-z7-j1,2,4,30,"10.10.80.146, fe80::250:56ff:feaa:51f9, 66.151.176.82, fe80::250:56ff:feaa:1f82",66.151.176.82,centos 6.4,[tlc-openfire],,,,,,,,,,
cam-z6-j1,2,4,30,"10.10.80.206, fe80::250:56ff:feaa:6e55, 66.151.176.146, fe80::250:56ff:feaa:6a29",66.151.176.146,centos 6.4,[tlc-openfire],,,,,,,,,,
cam-z4-j1,2,4,30,"10.10.80.40, fe80::250:56ff:feaa:17b8, 66.151.176.62, fe80::250:56ff:feaa:17f4",66.151.176.62,centos 6.4,[tlc-openfire],,,,,,,,,,
cam-z3-j1,2,4,25,"10.10.89.131, fe80::250:56ff:feaa:2592, 66.151.176.57, fe80::250:56ff:feaa:4db2",66.151.176.57,centos 6.4,[tlc-openfire],,,,,,,,,,
cam-z2-j1,2,3.09765625,30.9765625,"66.151.176.229, fe80::250:56ff:feaa:72e8, 10.10.89.234, fe80::250:56ff:feaa:2b83",66.151.176.229,centos 6.4,[tlc-openfire],,,,,,,,,,
cam-j5,2,4,30,"10.10.80.93, fe80::250:56ff:feaa:6afe, 66.151.176.32, fe80::250:56ff:feaa:43c2",66.151.176.32,centos 6.4,[tlc-openfire],,,,,,,,,,
ams-z6-j1,2,4,30,,82.201.93.53,centos 6.4,[tlc-openfire],,,,,,,,,,
cam-vm-cns1,1,2,10,"10.10.89.28, fe80::20c:29ff:feef:3689, 66.151.176.28, 66.151.176.100, fe80::20c:29ff:feef:3693",66.151.176.28,centos 5.8,[tlc-ntp-master],,,,,,,,,,
cam-z9-store,2,2,130,"10.10.80.244, fe80::250:56ff:feaa:551d",10.10.80.244,centos 6.4,[tlc-moosefs::zone_fs],,,,,,,,,,
cam-z8-store,2,2,130,"10.10.80.243, fe80::250:56ff:feaa:224d",10.10.80.243,centos 6.4,[tlc-moosefs::zone_fs],,,,,,,,,,
cam-z7-store,2,2,130,"10.10.80.242, fe80::250:56ff:feaa:1243",10.10.80.242,centos 6.4,[tlc-moosefs::zone_fs],,,,,,,,,,
cam-z6-store,2,2,130,"10.10.80.241, fe80::250:56ff:feaa:4b84",10.10.80.241,centos 6.4,[tlc-moosefs::zone_fs],,,,,,,,,,
cam-z4-store,2,2,130,"10.10.80.239, fe80::250:56ff:feaa:79ab",10.10.80.239,centos 6.4,[tlc-moosefs::zone_fs],,,,,,,,,,
cam-z3-store,2,2,130,"10.10.80.238, fe80::250:56ff:feaa:e02",10.10.80.238,centos 6.4,[tlc-moosefs::zone_fs],,,,,,,,,,
cam-z2-store,2,2,130,"10.10.80.237, fe80::250:56ff:feaa:7718",10.10.80.237,centos 6.4,[tlc-moosefs::zone_fs],,,,,,,,,,
cam-z1-store,2,2,130,"10.10.80.235, fe80::250:56ff:feaa:4602",10.10.80.235,centos 6.4,[tlc-moosefs::zone_fs],,,,,,,,,,
ams-store1,2,2,130,,10.131.10.40,centos 6.4,[tlc-moosefs::voicemail],,,,,,,,,,
cam-store3,2,3,116,"10.10.89.54, fe80::250:56ff:feaa:407f",10.10.89.54,centos 6.3,[tlc-moosefs::portal],,,,,,,,,,
cam-store5,1,4,516,"10.10.80.114, fe80::250:56ff:feaa:912",10.10.80.114,centos 6.4,[tlc-moosefs::etl],,,,,,,,,,
cam-store4,2,2,116,"10.10.89.55, fe80::250:56ff:feaa:5326",10.10.89.55,centos 6.3,[tlc-moosefs::asterisk_sounds],,,,,,,,,,
ams-store4,2,2,130,,10.131.10.41,centos 6.4,[tlc-moosefs::asterisk_sounds],,,,,,,,,,
cam-vm-m2,2,2,30,"10.10.89.196, fe80::250:56ff:feaa:4ed4, 66.151.176.196, fe80::250:56ff:feaa:4ed5",66.151.176.196,centos 6.3,[tlc-meetme-server],,,,,,,,,,
cam-vm-m4,2,2,30,"10.10.89.198, fe80::250:56ff:feaa:4d16, 66.151.176.197, fe80::250:56ff:feaa:6a31",66.151.176.197,centos 6.4,[tlc-meetme-server],,,,,,,,,,
cam-m3,2,2,30,"10.10.80.160, fe80::250:56ff:feaa:4885, 66.151.176.125, fe80::250:56ff:feaa:3b5",66.151.176.125,centos 6.4,[tlc-meetme-server],,,,,,,,,,
cam-z4-lp1,2,2,30,"10.10.80.168, fe80::250:56ff:feaa:1b62, 66.151.176.147, fe80::250:56ff:feaa:7f17",66.151.176.147,centos 6.4,[tlc-lync-proxy],,,,,,,,,,
cam-z2-lp1,2,2,30,"10.10.89.210, fe80::250:56ff:feaa:5310, 66.151.176.171, fe80::250:56ff:feaa:7ce7",66.151.176.171,centos 6.4,[tlc-lync-proxy],,,,,,,,,,
cam-kafka3,2,2,30,"10.10.80.22, fe80::250:56ff:feaa:fc2",10.10.80.22,centos 6.4,[tlc-kafka],,,,,,,,,,
cam-kafka2,2,2,30,"10.10.80.17, fe80::250:56ff:feaa:6245",10.10.80.17,centos 6.4,[tlc-kafka],,,,,,,,,,
cam-kafka1,2,2,30,"10.10.80.10, fe80::250:56ff:feaa:54cf",10.10.80.10,centos 6.4,[tlc-kafka],,,,,,,,,,
cam-js2,2,4,100,"10.10.80.88, fe80::250:56ff:feaa:760e",10.10.80.88,centos 6.4,[tlc-jenkins-slave],,,,,,,,,,
cdn-dev-g1,4,2,30,"10.10.222.100, fe80::250:56ff:feaa:cc6, 198.41.28.133, fe80::250:56ff:feaa:462b",198.41.28.133,centos 6.4,[tlc-gateway],,,,,,,,,,
cam-vm-g15,2,2,30,"10.10.89.53, fe80::250:56ff:feaa:18a9, 66.151.176.44, fe80::250:56ff:feaa:18b1",66.151.176.44,centos 6.4,[tlc-gateway],,,,,,,,,,
cam-vm-g14,2,2,30,"10.10.89.76, fe80::250:56ff:feaa:18a6, 66.151.176.39, fe80::250:56ff:feaa:18ae",66.151.176.39,centos 6.4,[tlc-gateway],,,,,,,,,,
cam-f6,1,2,30,"10.10.89.93, fe80::250:56ff:feaa:377c, 66.151.176.63, fe80::250:56ff:feaa:345f",66.151.176.63,centos 6.4,[tlc-fax::inbound],,,,,,,,,,
cam-vm-u1,1,0.5,50,"66.151.176.245, fe80::250:56ff:feaa:367, 10.10.89.245, 10.10.89.138, fe80::20c:29ff:fef3:4a1, 10.10.90.245, fe80::20c:29ff:fef3:4ab",66.151.176.245,centos 5.7,[tlc-dns::slave]recipe[tlc-ntp-master],,,,,,,,,,
ams-u1,1,1,30,"10.131.10.245, fe80::250:56ff:feaa:6693, 82.201.93.54, fe80::250:56ff:feaa:6dd6",82.201.93.54,centos 6.4,[tlc-dns::slave] recipe[tpn-kickstart],,,,,,,,,,
cdn-util1,2,2,30,"10.10.222.14, fe80::250:56ff:feaa:5b34, 10.10.223.14, fe80::250:56ff:feaa:4243, 10.10.218.14, fe80::250:56ff:feaa:4794, 10.10.216.14, fe80::250:56ff:feaa:a30",10.10.222.14,centos 6.4,[tlc-dns::slave] [tpn-kickstart::dhcpd],,,,,,,,,,
cam-vm-net1,2,5,16,"10.10.89.146, fe80::20c:29ff:fe61:744f, 10.10.90.146, fe80::20c:29ff:fe61:7459",10.10.89.146,centos 6.2,[tlc-dns::master]recipe[tlc-openldap-master],,,,,,,,,,
cam-vm-dp2,2,2,30,"66.151.176.155, 10.10.89.155, fe80::250:56ff:feaa:5322, fe80::250:56ff:feaa:533c",66.151.176.155,centos 6.3,[tlc-dispatcher],,,,,,,,,,
cam-vm-dp1,2,2,30,"66.151.176.154, fe80::20c:29ff:fe16:1c4a, 10.10.89.154, fe80::20c:29ff:fe16:1c40",66.151.176.154,centos 6.3,[tlc-dispatcher],,,,,,,,,,
ams-dp1,2,2,30,,82.201.93.56,centos 6.4,[tlc-dispatcher],,,,,,,,,,
cam-store6,2,2,66,"10.10.80.167, fe80::250:56ff:feaa:32bc",10.10.80.167,centos 6.4,[tlc-device-provisioning::dps_moosefs],,,,,,,,,,
cam-db-portal-read1,2,10,190,"10.10.80.135, fe80::250:56ff:feaa:5918",10.10.80.135,centos 6.4,[tlc-db-slave::portal],,,,,,,,,,
cdn-dev-db1,2,2,30,"10.10.222.7, fe80::250:56ff:feaa:51ec",10.10.222.7,centos 6.4,[tlc-db-master::cf] [tlc-db-master::openfire_repl] [tlc-db-master::opensips] [tlc-db-master::ocp_data] [tlc-db-master::ocp],,,,,,,,,,
cam-db-apps1,2,8,40,"10.10.80.121, fe80::250:56ff:feaa:5cc2",10.10.80.121,centos 6.4,[tlc-db-master::alfresco] [tlc-db-master::chef] [tlc-db-master::confluence][tlc-db-master::fail2ban][tlc-db-master::fisheye][tlc-db-master::ipplan] [tlc-db-master::jira][tlc-db-master::rt_thinkingphones][tlc-db-master::timesheet],,,,,,,,,,
cam-db-backup1,2,8,330,"10.10.80.126, fe80::250:56ff:feaa:40b4",10.10.80.126,centos 6.4,[tlc-db-backups] [tlc-db-master::pentaho_etl_logs] [tlc-db-master::pentaho_hibernate] [tlc-db-master::pentaho_quartz][tlc-db-master::warehouse_staging],,,,,,,,,,
cam-vm-sgrp1,2,1,10,,10.10.80.229,centos 6.4,[tlc-custmon],,,,,,,,,,
cam-vm-nxst1,2,1,10,,10.10.80.221,centos 6.4,[tlc-custmon],,,,,,,,,,
cam-vm-neng1,2,2,16,"10.10.80.90, fe80::250:56ff:feaa:86a, 10.89.238.5, fe80::250:56ff:feaa:57e3",10.10.80.90,centos 6.4,[tlc-custmon],,,,,,,,,,
cam-vm-liuna1,2,1,10,"10.10.80.54, 10.89.244.5, fe80::250:56ff:feaa:31cc, fe80::250:56ff:feaa:446b, fe80::250:56ff:feaa:641b, 10.89.233.5",10.10.80.54,centos 6.4,[tlc-custmon],,,,,,,,,,
cam-vm-levnd1,2,2,10,,10.10.80.79,centos 6.4,[tlc-custmon],,,,,,,,,,
cam-vm-inno1,2,1,10,"10.10.80.53, fe80::20c:29ff:fea1:2487, 172.31.254.5, fe80::20c:29ff:fea1:2491",10.10.80.53,centos 6.4,[tlc-custmon],,,,,,,,,,
cam-vm-honsg1,2,2,10,"10.10.80.42, fe80::250:56ff:feaa:21da, fe80::250:56ff:feaa:3939, 10.89.241.5",10.10.80.42,centos 6.4,[tlc-custmon],,,,,,,,,,
cam-vm-hang1,2,1,10,"10.10.80.246, fe80::20c:29ff:fefa:8a9e, 10.11.89.5, fe80::20c:29ff:fefa:8aa8",10.10.80.246,centos 6.4,[tlc-custmon],,,,,,,,,,
cam-vm-cnslo1,2,1,10,"10.10.80.101, fe80::250:56ff:feaa:40b1, 10.89.249.5, fe80::250:56ff:feaa:2562",10.10.80.101,centos 6.4,[tlc-custmon],,,,,,,,,,
cam-tchcrp,2,2,10,"10.10.80.159, fe80::250:56ff:feaa:7870, 10.89.100.54, fe80::250:56ff:feaa:4185",10.10.80.159,centos 6.4,[tlc-custmon],,,,,,,,,,
cam-mon-fglife,2,1,30,"10.10.80.134, fe80::250:56ff:feaa:40d5, 10.89.253.110, fe80::250:56ff:feaa:6d1e",10.10.80.134,centos 6.4,[tlc-custmon],,,,,,,,,,
cam-meridian,2,2,10,"10.10.80.174, fe80::250:56ff:feaa:4b19, 10.89.100.30, fe80::250:56ff:feaa:1a98",10.10.80.174,centos 6.4,[tlc-custmon],,,,,,,,,,
cam-libtax,1,2,10,"10.10.80.49, fe80::250:56ff:feaa:5bd1, 10.89.253.206, fe80::250:56ff:feaa:3e76",10.10.80.49,centos 6.4,[tlc-custmon],,,,,,,,,,
cam-fltc,2,2,10,"10.10.80.137, fe80::250:56ff:feaa:61f3, 10.89.100.14, fe80::250:56ff:feaa:5f17",10.10.80.137,centos 6.4,[tlc-custmon],,,,,,,,,,
cdn-dev-chef1,2,6,30,"10.10.222.15, fe80::250:56ff:feaa:27c9",10.10.222.15,centos 6.4,[tlc-chef],,,,,,,,,,
cam-chef1,2,7,30,"10.10.89.6, fe80::250:56ff:feaa:41b3",10.10.89.6,centos 6.4,[tlc-chef],,,,,,,,,,
cam-z1-call5,4,2,30,,66.151.176.225,centos 6.3,[tlc-call-server],,,,,,,,,,
cam-z1-call4,4,2,30,,66.151.176.224,centos 6.3,[tlc-call-server],,,,,,,,,,
cam-z1-call3,2,2,30,,66.151.176.223,centos 6.3,[tlc-call-server],,,,,,,,,,
cam-z1-call2,4,2,30,,66.151.176.222,centos 6.3,[tlc-call-server],,,,,,,,,,
cam-z1-call1,4,2,30,,66.151.176.221,centos 6.3,[tlc-call-server],,,,,,,,,,
cam-vm-call5,4,2,30,,66.151.176.129,centos 6.3,[tlc-call-server],,,,,,,,,,
cam-vm-call4,4,2,30,,66.151.176.128,centos 6.3,[tlc-call-server],,,,,,,,,,
cam-z9-call5,2,2,30,"10.10.89.88, fe80::250:56ff:feaa:1316, 66.151.176.185, fe80::250:56ff:feaa:4e89",66.151.176.185,centos 6.4,[tlc-call-server],,,,,,,,,,
cam-z9-call4,2,2,30,"10.10.89.84, fe80::250:56ff:feaa:4c0a, 66.151.176.184, fe80::250:56ff:feaa:8d9",66.151.176.184,centos 6.4,[tlc-call-server],,,,,,,,,,
cam-z9-call3,2,2,0,"10.10.89.69, fe80::250:56ff:feaa:2a61, 66.151.176.183, fe80::250:56ff:feaa:cba",66.151.176.183,centos 6.4,[tlc-call-server],,,,,,,,,,
cam-z9-call2,2,2,30,"10.10.89.67, fe80::250:56ff:feaa:5776, 66.151.176.182, fe80::250:56ff:feaa:302f",66.151.176.182,centos 6.4,[tlc-call-server],,,,,,,,,,
cam-z9-call1,2,2,30,"10.10.89.66, fe80::250:56ff:feaa:5ee2, 66.151.176.181, fe80::250:56ff:feaa:2a53",66.151.176.181,centos 6.4,[tlc-call-server],,,,,,,,,,
cam-z8-call5,2,4,30,"10.10.80.154, fe80::250:56ff:feaa:3ca4, 66.151.176.122, fe80::250:56ff:feaa:1fbc",66.151.176.122,centos 6.4,[tlc-call-server],,,,,,,,,,
cam-z8-call4,2,2,30,"10.10.80.153, fe80::250:56ff:feaa:5847, 66.151.176.119, fe80::250:56ff:feaa:638",66.151.176.119,centos 6.4,[tlc-call-server],,,,,,,,,,
cam-z8-call3,2,2,30,"10.10.80.152, fe80::250:56ff:feaa:c34, 66.151.176.117, fe80::250:56ff:feaa:1f2",66.151.176.117,centos 6.4,[tlc-call-server],,,,,,,,,,
cam-z8-call2,2,2,30,"10.10.80.151, fe80::250:56ff:feaa:b05, 66.151.176.116, fe80::250:56ff:feaa:50f3",66.151.176.116,centos 6.4,[tlc-call-server],,,,,,,,,,
cam-z8-call1,4,3,30,"10.10.80.150, fe80::250:56ff:feaa:4dc6, 66.151.176.114, fe80::250:56ff:feaa:7f4f",66.151.176.114,centos 6.4,[tlc-call-server],,,,,,,,,,
cam-z7-call5,2,2,30,"10.10.80.144, fe80::250:56ff:feaa:5bf7, 66.151.176.72, fe80::250:56ff:feaa:7f7a",66.151.176.72,centos 6.4,[tlc-call-server],,,,,,,,,,
cam-z7-call4,2,2,30,"10.10.80.143, fe80::250:56ff:feaa:5849, 66.151.176.71, fe80::250:56ff:feaa:48d3",66.151.176.71,centos 6.4,[tlc-call-server],,,,,,,,,,
cam-z7-call3,4,2,30,"10.10.80.142, fe80::250:56ff:feaa:7c39, 66.151.176.85, fe80::250:56ff:feaa:abe",66.151.176.85,centos 6.4,[tlc-call-server],,,,,,,,,,
cam-z7-call2,2,2,30,"10.10.80.141, fe80::250:56ff:feaa:4ac8, 66.151.176.65, fe80::250:56ff:feaa:6044",66.151.176.65,centos 6.4,[tlc-call-server],,,,,,,,,,
cam-z7-call1,2,2,30,"10.10.80.140, fe80::250:56ff:feaa:3ab4, 66.151.176.64, fe80::250:56ff:feaa:c65",66.151.176.64,centos 6.4,[tlc-call-server],,,,,,,,,,
cam-z6-call5,4,2,30,"10.10.80.204, fe80::250:56ff:feaa:2490, 66.151.176.143, fe80::250:56ff:feaa:7fa6",66.151.176.143,centos 6.4,[tlc-call-server],,,,,,,,,,
cam-z6-call4,2,2,30,"10.10.80.203, fe80::250:56ff:feaa:59fd, 66.151.176.142, fe80::250:56ff:feaa:6316",66.151.176.142,centos 6.4,[tlc-call-server],,,,,,,,,,
cam-z6-call3,2,2,30,"10.10.80.202, fe80::250:56ff:feaa:74cd, 66.151.176.141, fe80::250:56ff:feaa:5b98",66.151.176.141,centos 6.4,[tlc-call-server],,,,,,,,,,
cam-z6-call2,2,2,30,"10.10.80.201, fe80::250:56ff:feaa:7473, 66.151.176.138, fe80::250:56ff:feaa:413",66.151.176.138,centos 6.4,[tlc-call-server],,,,,,,,,,
cam-z6-call1,2,2,30,"10.10.80.200, fe80::250:56ff:feaa:e3, 66.151.176.137, fe80::250:56ff:feaa:3295",66.151.176.137,centos 6.4,[tlc-call-server],,,,,,,,,,
cam-z4-call5,2,2,30,"10.10.80.38, fe80::250:56ff:feaa:17c3, 66.151.176.59, fe80::250:56ff:feaa:a19",66.151.176.59,centos 6.4,[tlc-call-server],,,,,,,,,,
cam-z4-call4,6,3,30,"10.10.80.37, fe80::250:56ff:feaa:10a1, 66.151.176.45, fe80::250:56ff:feaa:3b9f",66.151.176.45,centos 6.4,[tlc-call-server],,,,,,,,,,
cam-z4-call3,2,2,30,"10.10.80.36, fe80::250:56ff:feaa:345c, 66.151.176.43, fe80::250:56ff:feaa:5551",66.151.176.43,centos 6.4,[tlc-call-server],,,,,,,,,,
cam-z4-call2,4,2,30,"10.10.80.35, fe80::250:56ff:feaa:fcf, 66.151.176.16, fe80::250:56ff:feaa:59e7",66.151.176.16,centos 6.4,[tlc-call-server],,,,,,,,,,
cam-z4-call1,2,2,30,"10.10.80.34, fe80::250:56ff:feaa:1cb5, 66.151.176.15, fe80::250:56ff:feaa:2286",66.151.176.15,centos 6.4,[tlc-call-server],,,,,,,,,,
cam-z3-call5,2,2,30,"10.10.89.176, fe80::250:56ff:feaa:14e7, 66.151.176.54, fe80::250:56ff:feaa:3026",66.151.176.54,centos 6.4,[tlc-call-server],,,,,,,,,,
cam-z3-call4,2,2,30,"10.10.89.160, fe80::250:56ff:feaa:75ae, 66.151.176.53, fe80::250:56ff:feaa:599b",66.151.176.53,centos 6.4,[tlc-call-server],,,,,,,,,,
cam-z3-call3,2,2,30,"10.10.89.159, 66.151.176.52, fe80::250:56ff:feaa:3ae6, fe80::250:56ff:feaa:2737",66.151.176.52,centos 6.4,[tlc-call-server],,,,,,,,,,
cam-z3-call2,2,2,30,"10.10.89.148, fe80::250:56ff:feaa:36fd, 66.151.176.51, fe80::250:56ff:feaa:4a4d",66.151.176.51,centos 6.4,[tlc-call-server],,,,,,,,,,
cam-z3-call1,2,2,30,"10.10.89.145, fe80::250:56ff:feaa:38d, 66.151.176.50, fe80::250:56ff:feaa:2214",66.151.176.50,centos 6.4,[tlc-call-server],,,,,,,,,,
cam-z2-call5,4,2,30,"66.151.176.231, fe80::250:56ff:feaa:6cf3, 10.10.89.229, fe80::250:56ff:feaa:629f",66.151.176.231,centos 6.4,[tlc-call-server],,,,,,,,,,
cam-z2-call4,4,2,30,"66.151.176.219, fe80::250:56ff:feaa:4fef, 10.10.89.228, fe80::250:56ff:feaa:61cd",66.151.176.219,centos 6.4,[tlc-call-server],,,,,,,,,,
cam-z2-call3,4,9,30,"66.151.176.218, fe80::250:56ff:feaa:5f25, 10.10.89.224, fe80::250:56ff:feaa:59ce",66.151.176.218,centos 6.4,[tlc-call-server],,,,,,,,,,
cam-z2-call2,4,3,30,"66.151.176.217, fe80::250:56ff:feaa:3d74, 10.10.89.223, fe80::250:56ff:feaa:4706",66.151.176.217,centos 6.4,[tlc-call-server],,,,,,,,,,
cam-z2-call1,4,3,30,"66.151.176.216, fe80::250:56ff:feaa:68cc, 10.10.89.222, fe80::250:56ff:feaa:6e9d",66.151.176.216,centos 6.4,[tlc-call-server],,,,,,,,,,
cam-vm-call3,4,2,30,"10.10.89.158, fe80::250:56ff:feaa:5321, 66.151.176.158, fe80::250:56ff:feaa:5338",66.151.176.158,centos 6.4,[tlc-call-server],,,,,,,,,,
cam-vm-call2,2,2,30,"10.10.89.157, fe80::250:56ff:feaa:5335, 66.151.176.157, fe80::250:56ff:feaa:5336",66.151.176.157,centos 6.4,[tlc-call-server],,,,,,,,,,
cam-vm-call1,2,2,30,"10.10.89.156, fe80::250:56ff:feaa:5332, 66.151.176.156, fe80::250:56ff:feaa:5333, 10.15.89.156, fe80::250:56ff:feaa:5334",66.151.176.156,centos 6.4,[tlc-call-server],,,,,,,,,,
cam-z2-call6,4,2,30,"66.151.176.232, fe80::250:56ff:feaa:7b41, 10.10.89.230, fe80::250:56ff:feaa:42ee",66.151.176.232,centos 6.4,[tlc-call-server::cisco],,,,,,,,,,
cam-build2,2,4,100,"10.10.80.87, fe80::250:56ff:feaa:519d",10.10.80.87,centos 6.4,[tlc-build] [tpn-jenkins],,,,,,,,,,
cam-ws6,2,2,30,"10.10.80.51, fe80::250:56ff:feaa:5e2c, 66.151.176.67, fe80::250:56ff:feaa:4c63",66.151.176.67,centos 6.4,[tlc-bosh-proxy],,,,,,,,,,
cam-ws5,2,2,30,"10.10.80.50, fe80::250:56ff:feaa:5a55, 66.151.176.69, fe80::250:56ff:feaa:2da9",66.151.176.69,centos 6.4,[tlc-bosh-proxy],,,,,,,,,,
cam-bp3,2,2,30,"10.10.80.193, fe80::250:56ff:feaa:2caf, 66.151.176.153, fe80::250:56ff:feaa:32f7",66.151.176.153,centos 6.4,[tlc-border-proxy],,,,,,,,,,
cam-bp2,2,2,30,"10.10.80.192, fe80::250:56ff:feaa:7196, 66.151.176.152, fe80::250:56ff:feaa:16d4",66.151.176.152,centos 6.4,[tlc-border-proxy],,,,,,,,,,
cam-bp1,2,2,30,"10.10.80.191, fe80::250:56ff:feaa:44b0, 66.151.176.151, fe80::250:56ff:feaa:5979",66.151.176.151,centos 6.4,[tlc-border-proxy],,,,,,,,,,
cam-analytics-cda2,2,3,30,"10.10.80.186, fe80::250:56ff:feaa:7ebf",10.10.80.186,centos 6.4,[tlc-analytics-cda],Jeff,,N,N,Analytics Passthrough,,,,,
cam-analytics-cda1,2,3,30,"10.10.80.185, fe80::250:56ff:feaa:71fa",10.10.80.185,centos 6.4,[tlc-analytics-cda],Jeff,,N,N,Analytics Passthrough,,,,,
cam-ipswitch,2,2,10,"10.10.80.176, fe80::250:56ff:feaa:505c, 10.89.253.190, fe80::250:56ff:feaa:22fd",10.10.80.176,centos 6.4,,,,,,,,,,,
vm-dev-vertica1,2,7,48.828125,"10.10.89.161, fe80::250:56ff:feaa:33a, 10.17.89.100, fe80::250:56ff:feaa:71e0",,,,,,,,,,,,,
vm-dev-okrig1,6,3,20,"10.10.80.92, fe80::250:56ff:feaa:6ccb, 10.15.89.60, fe80::250:56ff:feaa:3217",,,,,,,,,,,,,
vm-dev-cbrideau1,2,2,30,"10.10.80.187, fe80::250:56ff:feaa:6ed2",,,,,,,,,,,,,
Veeam Temp,1,4,40,,,,,,,,,,,,,,
cdn-vm-lync04-Prod,4,4,50,10.10.222.33,,,,,,,,,,,,,
cdn-vm-lync03-Lync,4,6,65,10.10.222.32,,,,,,,,,,,,,
cdn-vm-lync02-AD,2,2,50,10.10.222.31,,,,,,,,,,,,,
cdn-vm-lync01-Dev,4,8,50,10.10.222.30,,,,,,,,,,,,,
cdn-vm-irek1,2,2,50,,,,,,,,,,,,,,
cdn-vm-csibbitt2,4,2,80,,,,,,,,,,,,,,
cdn-vm-csibbitt1,4,2,80,,,,,,,,,,,,,,
cdn-vm-cbrideau1,1,1,30,"10.10.222.28, fe80::250:56ff:feaa:37e",,,,,,,,,,,,,
cdn-ucci-zuul1,2,2,30,"10.10.222.94, fe80::250:56ff:feaa:6102",,,,,,,,,,,,,
cdn-ucci-nodepool1,2,4,30,"10.10.222.98, fe80::250:56ff:feaa:5ca4",,,,,,,,,,,,,
cdn-ucci-jenkins1,2,4,30,"10.10.222.21, fe80::250:56ff:feaa:20f",,,,,,,,,,,,,
cdn-ucci-gerrit1,2,2,30,"10.10.222.22, fe80::250:56ff:feaa:6b83",,,,,,,,,,,,,
cdn-sec1,1,2,50,"10.10.222.70, fe80::b860:5585:6557:e8ad",,,,,,,,,,,,,
cdn-irc-bots,2,2,30,,,,,,,,,,,,,,
cdn-dev1,2,2,30,fe80::250:56ff:feaa:4d4b,,,,,,,,,,,,,
cdn-dev-svn1,1,1.0234375,100,,,,,,,,,,,,,,
cdn-ad1,2,2,40,"10.10.218.47, fe80::a8d6:e67a:1fef:9351, 10.10.222.247, fe80::68dc:a07e:816c:9353",,,,,,,,,,,,,
cam-zucker,2,2,10,,,,,,,,,,,,,,
cam-z9-i2,2,2,30,,,,,,,,,,,,,,
cam-z8-i2,2,2,30,,,,,,,,,,,,,,
cam-z7-i2,2,2,30,,,,,,,,,,,,,,
cam-z6-i2,2,2,30,,,,,,,,,,,,,,
cam-z3-i2,2,2,30,,,,,,,,,,,,,,
cam-vsm1,1,2,15,"10.10.89.216, fe80::250:56ff:feaa:1794, 10.10.90.196, fe80::250:56ff:feaa:1d4c",,,,,,,,,,,,,
cam-vm-vcopsa1 (Analytics),2,9,212,,,,,,,,,,,,,,
cam-vm-vcops1 (UI),2,7,132,"10.10.89.226, fe80::250:56ff:feaa:315b",,,,,,,,,,,,,
cam-vm-vcm1,1,2.5,15,"10.10.89.112, fe80::250:56ff:feaa:40b2",,,,,,,,,,,,,
cam-vm-vccs1,2,3,10,"10.10.80.13, fe80::250:56ff:feaa:18a7",,,,,,,,,,,,,
cam-vm-vccn1,2,2,50,"10.10.80.12, fe80::250:56ff:feaa:18a8",,,,,,,,,,,,,
cam-vm-sniff-b1,1,1,16,,,,,,,,,,,,,,
cam-vm-sniff-a1,1,1,16,,,,,,,,,,,,,,
cam-vm-qb1b,2,6,100,10.10.89.85,,,,,,,,,,,,,
cam-vm-m0,2,2,30,,,,,,,,,,,,,,
cam-vm-j0,2,4,30,"10.10.89.202, fe80::250:56ff:feaa:33e, 66.151.176.169, fe80::250:56ff:feaa:33f",,,,,,,,,,,,,
cam-vm-itools1,4,12,140,"10.15.89.17, fe80::a48b:6e85:f52f:3b82, 169.254.59.130, 10.10.90.127, 10.10.89.127",,,,,,,,,,,,,
cam-vm-filer1,2,4,80,10.10.89.107,,,,,,,,,,,,,
cam-vm-f0,2,1,20,"10.10.89.87, 66.151.176.87",,,,,,,,,,,,,
cam-vm-dvcp1,2,3.5,35.205078125,"10.10.89.5, 10.10.90.199",,,,,,,,,,,,,
cam-vm-call04,2,5,30,,,,,,,,,,,,,,
cam-vm-call03,2,2,30,"10.10.89.94, fe80::250:56ff:feaa:1898, 66.151.176.94, fe80::250:56ff:feaa:1897",,,,,,,,,,,,,
cam-vm-call02,2,2,30,"10.10.89.199, fe80::250:56ff:feaa:35d, 66.151.176.199, fe80::250:56ff:feaa:35e, 10.15.89.199, fe80::250:56ff:feaa:35f",,,,,,,,,,,,,
cam-vm-call01,2,2,30,"10.10.89.166, fe80::250:56ff:feaa:5774, 66.151.176.166, fe80::250:56ff:feaa:5775",,,,,,,,,,,,,
cam-vc1,4,12,150,"10.10.90.116, 10.10.89.116",,,,,,,,,,,,,
cam-plm,1,4,50,"10.10.80.183, fe80::250:56ff:feaa:1c7d",,,,,,,,,,,,,
cam-mssql1,2,8,190,10.10.89.125,,,,,,,,,,,,,
cam-kafka01,2,2,30,"10.10.80.30, fe80::250:56ff:feaa:35f3",,,,,,,,,,,,,
cam-js01,2,1,30,"10.10.80.29, fe80::250:56ff:feaa:1827",,,,,,,,,,,,,
cam-i01,2,3,30,"10.10.80.25, fe80::250:56ff:feaa:6487, 66.151.176.31, fe80::250:56ff:feaa:3e92",,,,,,,,,,,,,
cam-fastagi0,2,2,30,"10.10.80.43, fe80::250:56ff:feaa:6208",,,,,,,,,,,,,
cam-db01,2,2,30,"10.10.89.60, fe80::250:56ff:feaa:5ad6",,,,,,,,,,,,,
cam-chef01,2,4,30,"10.10.80.106, fe80::250:56ff:feaa:2e61",,,,,,,,,,,,,
cam-build01,2,2,30,"10.10.80.107, fe80::250:56ff:feaa:3eb6",,,,,,,,,,,,,
cam-bigip2,2,4,100,10.10.90.208,,,,,,,,,,,,,
cam-bigip1,2,4,100,10.10.90.207,,,,,,,,,,,,,
cam-ad1,2,6,40,10.10.89.47,,,,,,,,,,,,,
ams-z5-call1,2,2,30,,,,,,,,,,,,,,
ams-util1,2,1,30,"10.131.50.6, fe80::250:56ff:feaa:609c, 10.131.54.6, fe80::250:56ff:feaa:580, 10.131.55.6, fe80::250:56ff:feaa:29c2, 10.131.52.6, fe80::250:56ff:feaa:41c9, 10.131.53.6, fe80::250:56ff:feaa:5c85",,,,,,,,,,,,,
ams-test1,2,2,30,"10.131.10.50, fe80::250:56ff:feaa:7350",,,,,,,,,,,,,
ams-support1,1,1.5,30,"10.131.54.22, fe80::250:56ff:feaa:4510",,,,,,,,,,,,,
ams-m1,2,2,30,,,,,,,,,,,,,,
ams-g3,2,1,30,,,,,,,,,,,,,,
ams-g1,2,1,30,,,,,,,,,,,,,,